{"cameraMode":{"drawMode":0,"name":"Shaded","section":"Shading Mode"},"sceneLighting":true,"audioPlay":false,"sceneViewState":{"m_AlwaysRefresh":false,"showFog":true,"showSkybox":true,"showFlares":true,"showImageEffects":true,"showParticleSystems":true,"showVisualEffectGraphs":true,"m_FxEnabled":true},"in2DMode":false,"pivot":{"x":0.6560920476913452,"y":-17.050628662109376,"z":-3.5987837314605715},"rotation":{"x":0.24455593526363374,"y":-0.04974973574280739,"z":0.01254994235932827,"w":0.9683237075805664},"size":0.3824518322944641,"orthographic":false}