{"cameraMode":{"drawMode":0,"name":"Shaded","section":"Shading Mode"},"sceneLighting":true,"audioPlay":false,"sceneViewState":{"m_AlwaysRefresh":false,"showFog":true,"showSkybox":true,"showFlares":true,"showImageEffects":true,"showParticleSystems":true,"showVisualEffectGraphs":true,"m_FxEnabled":true},"in2DMode":false,"pivot":{"x":-0.27287065982818606,"y":-15.791685104370118,"z":-3.209441900253296},"rotation":{"x":0.19897137582302094,"y":0.43984848260879519,"z":-0.10071337223052979,"w":0.8700268864631653},"size":0.7112723588943481,"orthographic":false}