{"cameraMode":{"drawMode":0,"name":"Shaded","section":"Shading Mode"},"sceneLighting":true,"audioPlay":false,"sceneViewState":{"m_AlwaysRefresh":false,"showFog":true,"showSkybox":true,"showFlares":true,"showImageEffects":true,"showParticleSystems":true,"showVisualEffectGraphs":true,"m_FxEnabled":true},"in2DMode":false,"pivot":{"x":0.7756098508834839,"y":-0.14278364181518556,"z":-1.8082265853881837},"rotation":{"x":0.1731657087802887,"y":0.12090492993593216,"z":-0.021524693816900255,"w":0.9772840142250061},"size":3.361999988555908,"orthographic":false}