{"cameraMode":{"drawMode":0,"name":"Shaded","section":"Shading Mode"},"sceneLighting":true,"audioPlay":false,"sceneViewState":{"m_AlwaysRefresh":false,"showFog":true,"showSkybox":true,"showFlares":true,"showImageEffects":true,"showParticleSystems":true,"showVisualEffectGraphs":true,"m_FxEnabled":true},"in2DMode":false,"pivot":{"x":-1.9435323476791382,"y":-4.747858047485352,"z":1.9295413494110108},"rotation":{"x":-0.23958271741867066,"y":0.38485780358314516,"z":-0.10416129976511002,"w":-0.8852446675300598},"size":5.807844161987305,"orthographic":true}