{"cameraMode":{"drawMode":0,"name":"Shaded","section":"Shading Mode"},"sceneLighting":true,"audioPlay":false,"sceneViewState":{"m_AlwaysRefresh":false,"showFog":true,"showSkybox":true,"showFlares":true,"showImageEffects":true,"showParticleSystems":true,"showVisualEffectGraphs":true,"m_FxEnabled":true},"in2DMode":false,"pivot":{"x":-0.6353222727775574,"y":2.1017136573791506,"z":-1.505955457687378},"rotation":{"x":-0.09136507660150528,"y":-0.19527219235897065,"z":0.018274186179041864,"w":-0.9763234853744507},"size":0.9944763779640198,"orthographic":false}