{"cameraMode":{"drawMode":0,"name":"Shaded","section":"Shading Mode"},"sceneLighting":true,"audioPlay":false,"sceneViewState":{"m_AlwaysRefresh":false,"showFog":true,"showSkybox":true,"showFlares":true,"showImageEffects":true,"showParticleSystems":true,"showVisualEffectGraphs":true,"m_FxEnabled":true},"in2DMode":false,"pivot":{"x":-0.7664211988449097,"y":0.4521881341934204,"z":-2.0167789459228517},"rotation":{"x":-0.03471829742193222,"y":-0.06980565935373306,"z":0.0024259667843580248,"w":-0.9969726204872131},"size":4.289989948272705,"orthographic":true}