{"cameraMode":{"drawMode":0,"name":"Shaded","section":"Shading Mode"},"sceneLighting":true,"audioPlay":false,"sceneViewState":{"m_AlwaysRefresh":false,"showFog":true,"showSkybox":false,"showFlares":true,"showImageEffects":true,"showParticleSystems":true,"showVisualEffectGraphs":true,"m_FxEnabled":false},"in2DMode":false,"pivot":{"x":0.32487428188323977,"y":1.2451411485671998,"z":-1.5918256044387818},"rotation":{"x":0.028497472405433656,"y":-0.0033127935603260996,"z":-0.0000029640998491231587,"w":-0.9996617436408997},"size":1.8194360733032227,"orthographic":false}