{"cameraMode":{"drawMode":0,"name":"Shaded","section":"Shading Mode"},"sceneLighting":true,"audioPlay":false,"sceneViewState":{"m_AlwaysRefresh":false,"showFog":true,"showSkybox":false,"showFlares":true,"showImageEffects":true,"showParticleSystems":true,"showVisualEffectGraphs":true,"m_FxEnabled":false},"in2DMode":false,"pivot":{"x":0.07487082481384278,"y":1.0691102743148804,"z":-1.3212050199508668},"rotation":{"x":-0.01899307779967785,"y":-0.21900507807731629,"z":0.004431455861777067,"w":-0.9756220579147339},"size":1.9067119359970093,"orthographic":false}