{"cameraMode":{"drawMode":0,"name":"Shaded","section":"Shading Mode"},"sceneLighting":true,"audioPlay":false,"sceneViewState":{"m_AlwaysRefresh":false,"showFog":true,"showSkybox":false,"showFlares":true,"showImageEffects":true,"showParticleSystems":true,"showVisualEffectGraphs":true,"m_FxEnabled":false},"in2DMode":false,"pivot":{"x":6.827328205108643,"y":0.29597699642181399,"z":8.677629470825196},"rotation":{"x":-0.05628100782632828,"y":-0.28368160128593447,"z":0.016638731583952905,"w":-0.957234799861908},"size":7.175182819366455,"orthographic":false}