{"cameraMode":{"drawMode":0,"name":"Shaded","section":"Shading Mode"},"sceneLighting":true,"audioPlay":false,"sceneViewState":{"m_AlwaysRefresh":false,"showFog":true,"showSkybox":false,"showFlares":true,"showImageEffects":true,"showParticleSystems":true,"showVisualEffectGraphs":true,"m_FxEnabled":false},"in2DMode":false,"pivot":{"x":-0.08432145416736603,"y":1.0843058824539185,"z":-3.3377504348754885},"rotation":{"x":-0.05419134348630905,"y":-0.010003549978137017,"z":0.0006511974497698247,"w":-0.9986254572868347},"size":1.2972215414047242,"orthographic":false}