{"cameraMode":{"drawMode":0,"name":"Shaded","section":"Shading Mode"},"sceneLighting":true,"audioPlay":false,"sceneViewState":{"m_AlwaysRefresh":false,"showFog":true,"showSkybox":false,"showFlares":true,"showImageEffects":true,"showParticleSystems":true,"showVisualEffectGraphs":true,"m_FxEnabled":false},"in2DMode":false,"pivot":{"x":-8.317334175109864,"y":-0.43412864208221438,"z":-0.04886789992451668},"rotation":{"x":-0.06886619329452515,"y":0.6419629454612732,"z":-0.05810396373271942,"w":-0.7615619897842407},"size":5.4023542404174809,"orthographic":false}